titulo,anoDeLancamento,idioma,diretor,genero,duracao,linkIMDB,linkImagem,descricao,orcamento
Madagascar,2005,Inglês,"Eric Darnell, Tom McGrath","Animação, Aventura, Comédia",86,https://www.imdb.com/title/tt0351283,https://m.media-amazon.com/images/M/MV5BN2I5YzFlYWEtZjRhNy00ZmQzLWJhNTktZGIwYjFjODdmNDgxXkEyXkFqcGdeQXVyMTQxNzMzNDI@._V1_.jpg,"A group of animals who have spent all their life in a New York zoo end up in the jungles of Madagascar, and must adjust to living in the wild.",75000000
Tom and Jerry: The Movie,1992,Inglês,Phil Roman,"Animação, Aventura, Comédia",84,https://www.imdb.com/title/tt0105616,https://m.media-amazon.com/images/M/MV5BMjMxYjU0NmUtOTg0NC00ZGQ5LWEwZjEtZTU4OTgwMzAwYjk5XkEyXkFqcGdeQXVyNzc5MjA3OA@@._V1_.jpg,Cat and mouse duo Tom and Jerry reluctantly work together to save a young girl from her evil aunt.,8000000
The Two Popes,2019,Inglês,Fernando Meirelles,"Biografia, Comédia, Drama",125,https://www.imdb.com/title/tt8404614,https://m.media-amazon.com/images/M/MV5BY2RiOTc1YmYtMDk0Yy00ZWI4LTgzN2YtYTg2ZDZmOGIwNTA1XkEyXkFqcGdeQXVyMTMxODk2OTU@._V1_.jpg,"Behind Vatican walls, the conservative Pope Benedict XVI and the liberal future Pope Francis must find common ground to forge a new path for the Catholic Church.",
American Gangster,2007,Inglês,Ridley Scott,"Biografia, Crime, Drama",157,https://www.imdb.com/title/tt0765429,https://m.media-amazon.com/images/M/MV5BMjFmZGI2YTEtYmJhMS00YTE5LWJjNjAtNDI5OGY5ZDhmNTRlXkEyXkFqcGdeQXVyODAwMTU1MTE@._V1_.jpg,"An outcast New York City cop is charged with bringing down Harlem drug lord Frank Lucas, whose real life inspired this partly biographical film.",100000000
"Roman J. Israel, Esq.",2017,Inglês,Dan Gilroy,"Crime, Drama, Thriller",122,https://www.imdb.com/title/tt6000478,https://m.media-amazon.com/images/M/MV5BNjE5OGUwNTMtNzI2Mi00M2FkLWEzMDUtMDYxMGUyNzQwMDc4XkEyXkFqcGdeQXVyMTMxODk2OTU@._V1_.jpg,"Roman J. Israel, Esq., a driven, idealistic defense attorney, finds himself in a tumultuous series of events that lead to a crisis and the necessity for extreme action.",22000000
Get Rich or Die Tryin',2005,Inglês,Jim Sheridan,"Biografia, Crime, Drama",117,https://www.imdb.com/title/tt0430308,https://m.media-amazon.com/images/M/MV5BMTI4NTE0MTU2N15BMl5BanBnXkFtZTYwNzQ1OTc2._V1_.jpg,A tale of an inner city drug dealer who turns away from a life of crime to pursue his passion of rap music.,40000000
The Aviator,2004,Inglês,Martin Scorsese,"Biografia, Drama",170,https://www.imdb.com/title/tt0338751,https://m.media-amazon.com/images/M/MV5BZTYzMjA2M2EtYmY1OC00ZWMxLThlY2YtZGI3MTQzOWM4YjE3XkEyXkFqcGdeQXVyMTQxNzMzNDI@._V1_.jpg,A biopic depicting the early years of legendary director and aviator Howard Hughes' career from the late 1920s to the mid 1940s.,110000000
El hombre de las mil caras,2016,Espanhol,Alberto Rodríguez,"Biografia, Thriller",123,https://www.imdb.com/title/tt1713440,https://m.media-amazon.com/images/M/MV5BODk1MmE4OTQtMTQ5OS00MGFhLWJmMGYtNzFiYjM0M2U5NjMwXkEyXkFqcGdeQXVyMTA0MjU0Ng@@._V1_.jpg,"The story of a man who fooled an entire country. A tale of cheats and impostors, taking its inspiration from true facts and from one of the most intriguing characters of recent decades: the spy Francisco Paesa.",5000000
Unbroken,2014,Inglês,Angelina Jolie,"Ação, Biografia, Drama",137,https://www.imdb.com/title/tt1809398,https://m.media-amazon.com/images/M/MV5BMTY3ODg2OTgyOF5BMl5BanBnXkFtZTgwODk1OTAwMzE@._V1_.jpg,"After a near-fatal plane crash in WWII, Olympian Louis Zamperini spends a harrowing 47 days in a raft with two fellow crewmen before he's caught by the Japanese navy and sent to a prisoner-of-war camp.",65000000
Marshall,2017,Inglês,Reginald Hudlin,"Biografia, Crime, Drama",118,https://www.imdb.com/title/tt5301662,https://m.media-amazon.com/images/M/MV5BNzg3YTc4N2ItZmZkZS00OWE1LWIyNGMtNzYzZWQzMzVkZWI2XkEyXkFqcGdeQXVyNTQ3MjE4NTU@._V1_.jpg,"The story of Thurgood Marshall, the crusading lawyer who would become the first African-American Supreme Court Justice, as he battles through one of his career-defining cases.",12000000
Sergio,2020,Inglês,Greg Barker,"Biografia, Drama, História",118,https://www.imdb.com/title/tt8750570,https://m.media-amazon.com/images/M/MV5BMzIwYzQ3MTMtNjBjZC00M2ZiLTkzMzctYjZhOWM1ZTAxMTdiXkEyXkFqcGdeQXVyODkwODgyNTY@._V1_.jpg,"A sweeping drama set in the chaotic aftermath of the US invasion of Iraq, where the life of top UN diplomat Sergio Vieira de Mello hangs in the balance during the most treacherous mission of his career.",16000000
Chappie,2015,Inglês,Neill Blomkamp,"Ação, Crime, Drama",120,https://www.imdb.com/title/tt1823672,https://m.media-amazon.com/images/M/MV5BMTUyNTI4NTIwNl5BMl5BanBnXkFtZTgwMjQ4MTI0NDE@._V1_.jpg,"In the near future, crime is patrolled by a mechanized police force. When one police droid, Chappie, is stolen and given new programming, he becomes the first robot with the ability to think and feel for himself.",49000000
2 Guns,2013,Inglês,Baltasar Kormákur,"Ação, Crime, Thriller",109,https://www.imdb.com/title/tt1272878,https://m.media-amazon.com/images/M/MV5BNTQ5MTgzNDg4OF5BMl5BanBnXkFtZTcwMjAyODEzOQ@@._V1_.jpg,"Two hardened criminals get into trouble with the US border patrol after meeting with a Mexican drug lord, and then revelations start to unfold.",61000000
El fotógrafo de Mauthausen,2018,Espanhol,Mar Targarona,"Biografia, Drama, História",110,https://www.imdb.com/title/tt6704776,https://m.media-amazon.com/images/M/MV5BYzQzMGEzZGMtYzVjZi00OGYwLWJmYWMtNGE2OTUwNzc2MGEwXkEyXkFqcGdeQXVyMTYzMDM0NTU@._V1_.jpg,"Based on real events, Francesc Boix is a Spaniard inmate in the Nazi concentration camp of Mauthausen in Austria who tries to save the evidences of the horrors committed inside its walls.",
The Hungover Games,2014,Inglês,Josh Stolberg,Comédia,85,https://www.imdb.com/title/tt3138104,https://m.media-amazon.com/images/M/MV5BMTk0NjM3MDk3NV5BMl5BanBnXkFtZTgwNTEzNTY3MDE@._V1_.jpg,"A spoof on Se Beber, Não Case! (2009), Jogos Vorazes (2012) and other movies, TV series etc. 4 men, with hangovers after a bachelor party, find themselves in a future, dystopian, kill or be killed game.",
Blade Runner 2049,2017,Inglês,Denis Villeneuve,"Ação, Drama, Mistério",164,https://www.imdb.com/title/tt1856101,https://m.media-amazon.com/images/M/MV5BNzA1Njg4NzYxOV5BMl5BanBnXkFtZTgwODk5NjU3MzI@._V1_.jpg,"Young Blade Runner K's discovery of a long-buried secret leads him to track down former Blade Runner Rick Deckard, who's been missing for thirty years.",150000000
Wasp Network,2019,Inglês,Olivier Assayas,"Crime, Drama, Thriller",127,https://www.imdb.com/title/tt6760876,https://m.media-amazon.com/images/M/MV5BOWJkNjQxMjUtOGNhMC00MjJiLTg4OWQtYTdkNzYxMWE4NDQ1XkEyXkFqcGdeQXVyMTMxODk2OTU@._V1_.jpg,The story of five Cuban political prisoners who had been imprisoned by the United States since the late 1990s on charges of espionage and murder.,
The Flintstones,1994,Inglês,Brian Levant,"Comédia, Família, Fantasia",91,https://www.imdb.com/title/tt0109813,https://m.media-amazon.com/images/M/MV5BYzY0ZTk4YzctNzYzNy00ZDQ0LTg2Y2ItZTQyYzQxMjQwMDc2XkEyXkFqcGdeQXVyNTAyODkwOQ@@._V1_.jpg,"In a parallel modern-day Stone Age world, a working-class family, the Flintstones, are set up for an executive job. But they learn that money can't buy happiness.",46000000
White Girl,2016,Inglês,Elizabeth Wood,"Crime, Drama",88,https://www.imdb.com/title/tt4129870,https://m.media-amazon.com/images/M/MV5BMjMzMDY1NDcyNl5BMl5BanBnXkFtZTgwNTc0ODc4OTE@._V1_.jpg,"Summer, New York City. A college girl falls hard for a guy she just met. After a night of partying goes wrong, she goes to wild extremes to get him back.",
Murder on the Orient Express,2017,Inglês,Kenneth Branagh,"Crime, Drama, Mistério",114,https://www.imdb.com/title/tt3402236,https://m.media-amazon.com/images/M/MV5BMTAxNDkxODIyMDZeQTJeQWpwZ15BbWU4MDQ2Mjg4NDIy._V1_.jpg,"When a murder occurs on the train on which he's travelling, celebrated detective Hercule Poirot is recruited to solve the case.",55000000
Zack Snyder's Justice League,2021,Inglês,Zack Snyder,"Ação, Aventura, Fantasia",242,https://www.imdb.com/title/tt12361974,https://m.media-amazon.com/images/M/MV5BYjI3NDg0ZTEtMDEwYS00YWMyLThjYjktMTNlM2NmYjc1OGRiXkEyXkFqcGdeQXVyMTEyMjM2NDc2._V1_.jpg,"Determined to ensure Superman's ultimate sacrifice was not in vain, Bruce Wayne aligns forces with Diana Prince with plans to recruit a team of metahumans to protect the world from an approaching threat of catastrophic proportions.",
A Esperança é a Última que Morre,2015,Português (Brasileiro),Calvito Leal,Comédia,90,https://www.imdb.com/title/tt3447830,https://m.media-amazon.com/images/M/MV5BNDU4MDA3Nzg2OV5BMl5BanBnXkFtZTgwNzY2MDAyNjE@._V1_.jpg,"To become the new anchor of her local TV channel, young reporter Hortencia creates a fake serial killer to grant her exclusive coverage of the crimes and give her the publicity she needs to win the the race for the anchor's seat.",
The Hustle,2019,Inglês,Chris Addison,"Comédia, Crime",93,https://www.imdb.com/title/tt1298644,https://m.media-amazon.com/images/M/MV5BMTc3MDcyNzE5N15BMl5BanBnXkFtZTgwNzE2MDE0NzM@._V1_.jpg,Two con women - one low rent and the other high class - team up to take down the men who have wronged them.,21000000
Tenet,2020,Inglês,Christopher Nolan,"Ação, Ficção científica, Thriller",150,https://www.imdb.com/title/tt6723592,https://m.media-amazon.com/images/M/MV5BYzg0NGM2NjAtNmIxOC00MDJmLTg5ZmYtYzM0MTE4NWE2NzlhXkEyXkFqcGdeQXVyMTA4NjE0NjEy._V1_.jpg,"Armed with only one word, Tenet, and fighting for the survival of the entire world, a Protagonist journeys through a twilight world of international espionage on a mission that will unfold in something beyond real time.",205000000
The Willoughbys,2020,Inglês,Kris Pearn,"Animação, Aventura, Comédia",90,https://www.imdb.com/title/tt5206260,https://m.media-amazon.com/images/M/MV5BNDk3M2IyMmItNmEzMy00NGY5LTg5YmUtY2IwMTlhMTdmN2E1XkEyXkFqcGdeQXVyMTM0NTUzNDIy._V1_.jpg,"Convinced they'd be better off raising themselves, the Willoughby children hatch a sneaky plan to send their selfish parents on vacation. The siblings then embark on their own high-flying adventure to find the true meaning of family.",
Corpse Bride,2005,Inglês,"Tim Burton, Mike Johnson","Animação, Drama, Família",77,https://www.imdb.com/title/tt0121164,https://m.media-amazon.com/images/M/MV5BMTk1MTY1NjU4MF5BMl5BanBnXkFtZTcwNjIzMTEzMw@@._V1_.jpg,"When a shy groom practices his wedding vows in the inadvertent presence of a deceased young woman, she rises from the grave assuming he has married her.",40000000
Le Petit Prince,2015,Inglês,Mark Osborne,"Animação, Aventura, Drama",108,https://www.imdb.com/title/tt1754656,https://m.media-amazon.com/images/M/MV5BNjg0OTM5OTQyNV5BMl5BanBnXkFtZTgwNDg5NDQ0NTE@._V1_.jpg,"A little girl lives in a very grown-up world with her mother, who tries to prepare her for it. Her neighbor, the Aviator, introduces the girl to an extraordinary world where anything is possible, the world of the Little Prince.",81200000
Next Gen,2018,Inglês,"Kevin R. Adams, Joe Ksander","Animação, Ação, Aventura",106,https://www.imdb.com/title/tt7133686,https://m.media-amazon.com/images/M/MV5BMTU0MjAwMDkxNV5BMl5BanBnXkFtZTgwMTA4ODIxNjM@._V1_.jpg,"A friendship with a top-secret robot turns a lonely girl's life into a thrilling adventure as they take on bullies, evil bots and a scheming madman.",150000000
Shutter Island,2010,Inglês,Martin Scorsese,"Mistério, Thriller",138,https://www.imdb.com/title/tt1130884,https://m.media-amazon.com/images/M/MV5BYzhiNDkyNzktNTZmYS00ZTBkLTk2MDAtM2U0YjU1MzgxZjgzXkEyXkFqcGdeQXVyMTMxODk2OTU@._V1_.jpg,"In 1954, a U.S. Marshal investigates the disappearance of a murderer who escaped from a hospital for the criminally insane.",80000000
Flushed Away,2006,Inglês,"David Bowers, Sam Fell","Animação, Aventura, Comédia",85,https://www.imdb.com/title/tt0424095,https://m.media-amazon.com/images/M/MV5BMTI0NzE4ODIzNl5BMl5BanBnXkFtZTYwMDUxMzI3._V1_.jpg,"The story of an uptown rat that gets flushed down the toilet from his penthouse apartment, ending in the sewers of London, where he has to learn a whole new and different way of life.",149000000
Klaus,2019,Inglês,Sergio Pablos,"Animação, Aventura, Comédia",96,https://www.imdb.com/title/tt4729430,https://m.media-amazon.com/images/M/MV5BMWYwOThjM2ItZGYxNy00NTQwLWFlZWEtM2MzM2Q5MmY3NDU5XkEyXkFqcGdeQXVyMTkxNjUyNQ@@._V1_.jpg,"A simple act of kindness always sparks another, even in a frozen, faraway place. When Smeerensburg's new postman, Jesper, befriends toymaker Klaus, their gifts melt an age-old feud and deliver a sleigh full of holiday traditions.",40000000
Matilda,1996,Inglês,Danny DeVito,"Comédia, Família, Fantasia",102,https://www.imdb.com/title/tt0117008,https://m.media-amazon.com/images/M/MV5BMWE2YTBhYzItZDAxZS00Mjc3LWIxNmYtMzljZjIxMGE1NmY2XkEyXkFqcGdeQXVyMjUzOTY1NTc@._V1_.jpg,"A girl gifted with a keen intellect and psychic powers uses both to deal with her crude, distant family and free her kind teacher from their sadistic headmistress.",36000000
The House with a Clock in Its Walls,2018,Inglês,Eli Roth,"Comédia, Família, Fantasia",105,https://www.imdb.com/title/tt2119543,https://m.media-amazon.com/images/M/MV5BMTk1MzM1ODEwOV5BMl5BanBnXkFtZTgwMTE0OTA4NTM@._V1_.jpg,A young orphan named Lewis Barnavelt aids his magical uncle in locating a clock with the power to bring about the end of the world.,42000000
Animal Crackers,2017,Inglês,"Scott Christian Sava, Tony Bancroft","Animação, Aventura, Comédia",105,https://www.imdb.com/title/tt4155534,https://m.media-amazon.com/images/M/MV5BZDBkODRlMWMtMDEzNS00Zjc1LTlhNDItZTk1NmZhNmI2YzA1XkEyXkFqcGdeQXVyNTY0MTg1NTE@._V1_.jpg,A family must use a magical box of Animal Crackers to save a run-down circus from being taken over by their evil uncle Horatio P. Huntington.,19500000
Pets United,2019,Inglês,Reinhard Klooss,"Animação, Aventura, Comédia",89,https://www.imdb.com/title/tt11276598,https://m.media-amazon.com/images/M/MV5BNmU2YTEwODktZDFlNC00YWJmLTk0NjEtMzZjMjM4Y2E3NjdiXkEyXkFqcGdeQXVyMDA4NzMyOA@@._V1_.jpg,"A group of spoilt, selfish pets led by glamour cat Belle are stranded in their luxury hangout 'Pampered Pets,' when the machines that run Robo City, the hypermodern metropolis that they live in, go wild and take over.",
White Chicks,2004,Inglês,Keenen Ivory Wayans,"Comédia, Crime",109,https://www.imdb.com/title/tt0381707,https://m.media-amazon.com/images/M/MV5BMTY3OTg2OTM3OV5BMl5BanBnXkFtZTYwNzY5OTA3._V1_.jpg,Two disgraced FBI agents go way undercover in an effort to protect hotel heiresses the Wilson sisters from a kidnapping plot.,37000000
Teenage Mutant Ninja Turtles,2014,Inglês,Jonathan Liebesman,"Ação, Aventura, Comédia",101,https://www.imdb.com/title/tt1291150,https://m.media-amazon.com/images/M/MV5BNjUzODQ5MDY5NV5BMl5BanBnXkFtZTgwOTc1NzcyMjE@._V1_.jpg,"When a kingpin threatens New York City, a group of mutated turtle warriors must emerge from the shadows to protect their home.",125000000
Concrete Cowboy,2020,Inglês,Ricky Staub,Drama,111,https://www.imdb.com/title/tt8846176,https://m.media-amazon.com/images/M/MV5BODRlNjNhNDctMTJjYS00Y2Q4LTk1MGEtYTdiMDlkYWNkNGFjXkEyXkFqcGdeQXVyODk4OTc3MTY@._V1_.jpg,"Sent to live with his estranged father for the summer, a rebellious teen finds kinship in a tight-knit Philadelphia community of Black cowboys.",
Arctic Justice,2019,Inglês,Aaron Woodley,"Animação, Aventura, Comédia",92,https://www.imdb.com/title/tt4426464,https://m.media-amazon.com/images/M/MV5BNTY1OTQyM2YtM2ZjOC00OWQwLTkzM2YtZjAyOGZkYjlhNWFhXkEyXkFqcGdeQXVyMTk5MzE1MTY@._V1_.jpg,"An Arctic fox works in the mailroom of a package delivery service, but wants to be doing the deliveries.",61000000
How the Grinch Stole Christmas,2000,Inglês,Ron Howard,"Comédia, Família, Fantasia",104,https://www.imdb.com/title/tt0170016,https://m.media-amazon.com/images/M/MV5BNWNiNTczNzEtMjQyZC00MjFmLTkzMDMtODk4ZGMyZmE0N2E4XkEyXkFqcGdeQXVyMTMxODk2OTU@._V1_.jpg,"On the outskirts of Whoville lives a green, revenge-seeking Grinch who plans to ruin Christmas for all of the citizens of the town.",123000000
Croc-Blanc,2018,Francês,Alexandre Espigares,"Animação, Aventura",85,https://www.imdb.com/title/tt5222768,https://m.media-amazon.com/images/M/MV5BMTYwNTA2ODMxNF5BMl5BanBnXkFtZTgwNzE1NzU2NjM@._V1_.jpg,Based on the timeless novel by Jack London. A loyal wolfdog's curiosity leads him on the adventure of a lifetime while serving a series of three distinctly different masters.,
Alleycats,2016,Inglês,Ian Bonhôte,"Ação, Thriller",101,https://www.imdb.com/title/tt3917318,https://m.media-amazon.com/images/M/MV5BNDc4NDY5YWQtMjc1YS00NGZmLThlN2QtNmMwYjk0NDU2NjMxXkEyXkFqcGdeQXVyMjQ1MzYwMjM@._V1_.jpg,"When bike courier Chris witnesses what looks like a murder, his first instinct is to cut and run. But when his curiosity draws him back in, he's soon embroiled in a world of corruption, political power, and illegal bike racing.",
The Outsider,2018,Japonês,Martin Zandvliet,"Ação, Crime, Drama",120,https://www.imdb.com/title/tt10289896,https://m.media-amazon.com/images/M/MV5BMDY2ZGU5MmYtZWExZS00NWNiLWFlNzUtNTRiZWI3ZTIwNzc4XkEyXkFqcGdeQXVyMzY3MDU4NDk@._V1_.jpg,"A prejudiced man chases away a homeless woman sleeping behind his restaurant. To his shock, his wife then brings her home to live with them.",
The Fisherman's Diary,2020,Crioulo camaronês,Enah Johnscott,Drama,143,https://www.imdb.com/title/tt13297136,https://m.media-amazon.com/images/M/MV5BYmQ5YTE3NWMtMjg2OC00Y2U5LThiOGMtNWZiMTI4MmZkNDdiXkEyXkFqcGdeQXVyNjE2MzA3MTQ@._V1_.jpg,"Ekah is determined to go to school in a village of fishermen where a girl child's education is considered a taboo. Her drive to break this old adage gets her embroiled with her father, Solomon's past.",
Brazil,1985,Inglês,Terry Gilliam,"Drama, Ficção científica",132,https://www.imdb.com/title/tt0088846,https://m.media-amazon.com/images/M/MV5BMDM0YTM3Y2UtNzY5MC00OTc4LThhZTYtMmM0ZGZjMmU1ZjdmXkEyXkFqcGdeQXVyNjc1NTYyMjg@._V1_.jpg,A bureaucrat in a dystopic society becomes an enemy of the state as he pursues the woman of his dreams.,15000000
Open Season,2006,Inglês,"Roger Allers, Jill Culton, Anthony Stacchi","Animação, Aventura, Comédia",86,https://www.imdb.com/title/tt0400717,https://m.media-amazon.com/images/M/MV5BMTQwOTg2MjU0OV5BMl5BanBnXkFtZTcwMzIzNTQzMQ@@._V1_.jpg,"Boog, a domesticated 900lb. Grizzly bear, finds himself stranded in the woods 3 days before Open Season. Forced to rely on Elliot, a fast-talking mule deer, the two form an unlikely friendship and must quickly rally other forest animals if they are to form a rag-tag army against the hunters.",85000000
Monster House,2006,Inglês,Gil Kenan,"Animação, Comédia, Família",91,https://www.imdb.com/title/tt0385880,https://m.media-amazon.com/images/M/MV5BMTIzNjE1NDg1N15BMl5BanBnXkFtZTcwOTg2NTMzMQ@@._V1_.jpg,"Three teens discover that their neighbor's house is really a living, breathing, scary monster.",75000000
Ponyo,2008,Japonês,Hayao Miyazaki,"Animação, Aventura, Comédia",101,https://www.imdb.com/title/tt0876563,https://m.media-amazon.com/images/M/MV5BOTc3YmM3N2QtODZkMC00ZDE5LThjMTQtYTljN2Y1YTYwYWJkXkEyXkFqcGdeQXVyODEzNjM5OTQ@._V1_.jpg,"A five-year-old boy develops a relationship with Ponyo, a young goldfish princess who longs to become a human after falling in love with him.",34000000
Hop,2011,Inglês,Tim Hill,"Animação, Aventura, Comédia",95,https://www.imdb.com/title/tt1411704,https://m.media-amazon.com/images/M/MV5BMTY4MDcxNTkzNV5BMl5BanBnXkFtZTcwMTg2MDY2NA@@._V1_.jpg,"E.B., the Easter Bunny's teenage son, heads to Hollywood, determined to become a drummer in a rock 'n' roll band. In LA, he's taken in by Fred after the out-of-work slacker hits E.B. with his car.",63000000
The Incredible Hulk,2008,Inglês,Louis Leterrier,"Ação, Aventura, Ficção científica",112,https://www.imdb.com/title/tt0800080,https://m.media-amazon.com/images/M/MV5BMTUyNzk3MjA1OF5BMl5BanBnXkFtZTcwMTE1Njg2MQ@@._V1_.jpg,"Bruce Banner, a scientist on the run from the U.S. Government, must find a cure for the monster he turns into whenever he loses his temper.",150000000
Thor,2011,Inglês,Kenneth Branagh,"Ação, Aventura, Fantasia",115,https://www.imdb.com/title/tt0800369,https://m.media-amazon.com/images/M/MV5BOGE4NzU1YTAtNzA3Mi00ZTA2LTg2YmYtMDJmMThiMjlkYjg2XkEyXkFqcGdeQXVyNTgzMDMzMTg@._V1_.jpg,"The powerful but arrogant god Thor is cast out of Asgard to live amongst humans in Midgard (Earth), where he soon becomes one of their finest defenders.",150000000
The Avengers,2012,Inglês,Joss Whedon,"Ação, Aventura, Ficção científica",143,https://www.imdb.com/title/tt0848228,https://m.media-amazon.com/images/M/MV5BNDYxNjQyMjAtNTdiOS00NGYwLWFmNTAtNThmYjU5ZGI2YTI1XkEyXkFqcGdeQXVyMTMxODk2OTU@._V1_.jpg,Earth's mightiest heroes must come together and learn to fight as a team if they are going to stop the mischievous Loki and his alien army from enslaving humanity.,220000000
Iron Man 3,2013,Inglês,Shane Black,"Ação, Aventura, Ficção científica",130,https://www.imdb.com/title/tt1300854,https://m.media-amazon.com/images/M/MV5BMjE5MzcyNjk1M15BMl5BanBnXkFtZTcwMjQ4MjcxOQ@@._V1_.jpg,"When Tony Stark's world is torn apart by a formidable terrorist called the Mandarin, he starts an odyssey of rebuilding and retribution.",200000000
Thor: The Dark World,2013,Inglês,Alan Taylor,"Ação, Aventura, Fantasia",112,https://www.imdb.com/title/tt1981115,https://m.media-amazon.com/images/M/MV5BMTQyNzAwOTUxOF5BMl5BanBnXkFtZTcwMTE0OTc5OQ@@._V1_.jpg,"When the Dark Elves attempt to plunge the universe into darkness, Thor must embark on a perilous and personal journey that will reunite him with doctor Jane Foster.",170000000
Captain America: The Winter Soldier,2014,Inglês,"Anthony Russo, Joe Russo","Ação, Aventura, Ficção científica",136,https://www.imdb.com/title/tt1843866,https://m.media-amazon.com/images/M/MV5BMzA2NDkwODAwM15BMl5BanBnXkFtZTgwODk5MTgzMTE@._V1_.jpg,"As Steve Rogers struggles to embrace his role in the modern world, he teams up with a fellow Avenger and S.H.I.E.L.D agent, Black Widow, to battle a new threat from history: an assassin known as the Winter Soldier.",170000000
Guardians of the Galaxy,2014,Inglês,James Gunn,"Ação, Aventura, Comédia",121,https://www.imdb.com/title/tt2015381,https://m.media-amazon.com/images/M/MV5BMTAwMjU5OTgxNjZeQTJeQWpwZ15BbWU4MDUxNDYxODEx._V1_.jpg,A group of intergalactic criminals must pull together to stop a fanatical warrior with plans to purge the universe.,170000000
Guardians of the Galaxy Vol. 2,2017,Inglês,James Gunn,"Ação, Aventura, Comédia",136,https://www.imdb.com/title/tt3896198,https://m.media-amazon.com/images/M/MV5BNjM0NTc0NzItM2FlYS00YzEwLWE0YmUtNTA2ZWIzODc2OTgxXkEyXkFqcGdeQXVyNTgwNzIyNzg@._V1_.jpg,"The Guardians struggle to keep together as a team while dealing with their personal family issues, notably Star-Lord's encounter with his father the ambitious celestial being Ego.",200000000
Ant-Man,2015,Inglês,Peyton Reed,"Ação, Aventura, Comédia",117,https://www.imdb.com/title/tt0478970,https://m.media-amazon.com/images/M/MV5BMjM2NTQ5Mzc2M15BMl5BanBnXkFtZTgwNTcxMDI2NTE@._V1_.jpg,"Armed with a super-suit with the astonishing ability to shrink in scale but increase in strength, cat burglar Scott Lang must embrace his inner hero and help his mentor, Dr. Hank Pym, pull off a plan that will save the world.",130000000
Captain America: Civil War,2016,Inglês,"Anthony Russo, Joe Russo","Ação, Aventura, Ficção científica",147,https://www.imdb.com/title/tt3498820,https://m.media-amazon.com/images/M/MV5BMjQ0MTgyNjAxMV5BMl5BanBnXkFtZTgwNjUzMDkyODE@._V1_.jpg,Political involvement in the Avengers' affairs causes a rift between Captain America and Iron Man.,250000000
Black Panther,2018,Inglês,Ryan Coogler,"Ação, Aventura, Ficção científica",134,https://www.imdb.com/title/tt1825683,https://m.media-amazon.com/images/M/MV5BMTg1MTY2MjYzNV5BMl5BanBnXkFtZTgwMTc4NTMwNDI@._V1_.jpg,"T'Challa, heir to the hidden but advanced kingdom of Wakanda, must step forward to lead his people into a new future and must confront a challenger from his country's past.",200000000
Doctor Strange,2016,Inglês,Scott Derrickson,"Ação, Aventura, Fantasia",115,https://www.imdb.com/title/tt1211837,https://m.media-amazon.com/images/M/MV5BNjgwNzAzNjk1Nl5BMl5BanBnXkFtZTgwMzQ2NjI1OTE@._V1_.jpg,"While on a journey of physical and spiritual healing, a brilliant neurosurgeon is drawn into the world of the mystic arts.",165000000
Thor: Ragnarok,2017,Inglês,Taika Waititi,"Ação, Aventura, Comédia",130,https://www.imdb.com/title/tt3501632,https://m.media-amazon.com/images/M/MV5BMjMyNDkzMzI1OF5BMl5BanBnXkFtZTgwODcxODg5MjI@._V1_.jpg,"Imprisoned on the planet Sakaar, Thor must race against time to return to Asgard and stop Ragnarök, the destruction of his world, at the hands of the powerful and ruthless villain Hela.",180000000
Ant-Man and the Wasp,2018,Inglês,Peyton Reed,"Ação, Aventura, Comédia",118,https://www.imdb.com/title/tt5095030,https://m.media-amazon.com/images/M/MV5BYjcyYTk0N2YtMzc4ZC00Y2E0LWFkNDgtNjE1MzZmMGE1YjY1XkEyXkFqcGdeQXVyMTMxODk2OTU@._V1_.jpg,"As Scott Lang balances being both a superhero and a father, Hope van Dyne and Dr. Hank Pym present an urgent new mission that finds the Ant-Man fighting alongside The Wasp to uncover secrets from their past.",162000000
Avengers: Infinity War,2018,Inglês,"Anthony Russo, Joe Russo","Ação, Aventura, Ficção científica",149,https://www.imdb.com/title/tt4154756,https://m.media-amazon.com/images/M/MV5BMjMxNjY2MDU1OV5BMl5BanBnXkFtZTgwNzY1MTUwNTM@._V1_.jpg,The Avengers and their allies must be willing to sacrifice all in an attempt to defeat the powerful Thanos before his blitz of devastation and ruin puts an end to the universe.,321000000
Avengers: Endgame,2019,Inglês,"Anthony Russo, Joe Russo","Ação, Aventura, Drama",181,https://www.imdb.com/title/tt4154796,https://m.media-amazon.com/images/M/MV5BMTc5MDE2ODcwNV5BMl5BanBnXkFtZTgwMzI2NzQ2NzM@._V1_.jpg,"After the devastating events of Vingadores: Guerra Infinita (2018), the universe is in ruins. With the help of remaining allies, the Avengers assemble once more in order to reverse Thanos' actions and restore balance to the universe.",356000000
Dune,2021,Inglês,Denis Villeneuve,"Ação, Aventura, Drama",155,https://www.imdb.com/title/tt1160419,https://m.media-amazon.com/images/M/MV5BN2FjNmEyNWMtYzM0ZS00NjIyLTg5YzYtYThlMGVjNzE1OGViXkEyXkFqcGdeQXVyMTkxNjUyNQ@@._V1_.jpg,A noble family becomes embroiled in a war for control over the galaxy's most valuable asset while its heir becomes troubled by visions of a dark future.,165000000
Wreck-It Ralph,2012,Inglês,Rich Moore,"Animação, Aventura, Comédia",101,https://www.imdb.com/title/tt1772341,https://m.media-amazon.com/images/M/MV5BNzMxNTExOTkyMF5BMl5BanBnXkFtZTcwMzEyNDc0OA@@._V1_.jpg,"A video game villain wants to be a hero and sets out to fulfill his dream, but his quest brings havoc to the whole arcade where he lives.",165000000
A Million Ways to Die in the West,2014,Inglês,Seth MacFarlane,"Comédia, Faroeste",116,https://www.imdb.com/title/tt2557490,https://m.media-amazon.com/images/M/MV5BMTQ0NDcyNjg0MV5BMl5BanBnXkFtZTgwMzk4NTA4MTE@._V1_.jpg,"As a cowardly farmer begins to fall for the mysterious new woman in town, he must put his newly found courage to the test when her husband, a notorious gun-slinger, announces his arrival.",40000000
Star Trek: The Motion Picture,1979,Inglês,Robert Wise,"Aventura, Mistério, Ficção científica",132,https://www.imdb.com/title/tt0079945,https://m.media-amazon.com/images/M/MV5BNjk1ZjAyZjktZTY4YS00NDY3LWIwMzktMjZiNGIzODFiZDVmXkEyXkFqcGdeQXVyMjUzOTY1NTc@._V1_.jpg,"When an alien spacecraft of enormous power is spotted approaching Earth, Admiral James T. Kirk resumes command of the overhauled USS Enterprise in order to intercept it.",35000000
Star Trek II: The Wrath of Khan,1982,Inglês,Nicholas Meyer,"Ação, Aventura, Ficção científica",113,https://www.imdb.com/title/tt0084726,https://m.media-amazon.com/images/M/MV5BNmZiZmM2OTUtZDlmOC00YzYyLThkMGEtZWFkMjJmM2EwZDVkXkEyXkFqcGdeQXVyMjUzOTY1NTc@._V1_.jpg,"With the assistance of the Enterprise crew, Admiral Kirk must stop an old nemesis, Khan Noonien Singh, from using the life-generating Genesis Device as the ultimate weapon.",11200000
Star Trek III: The Search for Spock,1984,Inglês,Leonard Nimoy,"Ação, Aventura, Ficção científica",105,https://www.imdb.com/title/tt0088170,https://m.media-amazon.com/images/M/MV5BMmFiMTczYjgtMWQwOC00MjFlLWFlZjUtMjJjNTcxNjAzY2Q1XkEyXkFqcGdeQXVyMjUzOTY1NTc@._V1_.jpg,Admiral Kirk and his bridge crew risk their careers stealing the decommissioned U.S.S. Enterprise to return to the restricted Genesis Planet to recover Spock's body.,17000000
Star Trek IV: The Voyage Home,1986,Inglês,Leonard Nimoy,"Ação, Aventura, Comédia",119,https://www.imdb.com/title/tt0092007,https://m.media-amazon.com/images/M/MV5BZmU3ZGE3NzEtYTdmYi00YTYxLWIxYTItZGY5YjFlOTA2NWI3XkEyXkFqcGdeQXVyMjUzOTY1NTc@._V1_.jpg,"To save Earth from an alien probe, Admiral James T. Kirk and his fugitive crew go back in time to San Francisco in 1986 to retrieve the only beings who can communicate with it: humpback whales.",25000000
Star Trek V: The Final Frontier,1989,Inglês,William Shatner,"Ação, Aventura, Fantasia",107,https://www.imdb.com/title/tt0098382,https://m.media-amazon.com/images/M/MV5BZmUzNjYzZDEtMWQ1Ny00OGIxLTk4MTktMzU5NTZmZjk5MTQyXkEyXkFqcGdeQXVyMjUzOTY1NTc@._V1_.jpg,Captain Kirk and his crew must deal with Mr. Spock's long-lost half-brother who hijacks the Enterprise for an obsessive search for God at the center of the galaxy.,27800000
Star Trek VI: The Undiscovered Country,1991,Inglês,Nicholas Meyer,"Ação, Aventura, Ficção científica",110,https://www.imdb.com/title/tt0102975,https://m.media-amazon.com/images/M/MV5BYzJiZDdmODQtMDM0Yi00ZTcwLWJjMjItM2QxOWJjZDdmYmQ5XkEyXkFqcGdeQXVyMjUzOTY1NTc@._V1_.jpg,"On the eve of retirement, Kirk and McCoy are charged with assassinating the Klingon High Chancellor and imprisoned. The Enterprise crew must help them escape to thwart a conspiracy aimed at sabotaging the last best hope for peace.",30000000
Star Trek: Generations,1994,Inglês,David Carson,"Ação, Aventura, Mistério",118,https://www.imdb.com/title/tt0111280,https://m.media-amazon.com/images/M/MV5BOTk5Mjg4MzktZTczNC00ZWI3LWFlNjgtNjgwZDQwOGU5NmQ3XkEyXkFqcGdeQXVyMjUzOTY1NTc@._V1_.jpg,"With the help of long presumed dead Captain Kirk, Captain Picard must stop a deranged scientist willing to murder on a planetary scale in order to enter a space matrix.",35000000
Star Trek: First Contact,1996,Inglês,Jonathan Frakes,"Ação, Aventura, Drama",111,https://www.imdb.com/title/tt0117731,https://m.media-amazon.com/images/M/MV5BYzMzZmE3MTItODYzYy00YWI5LWFkNWMtZTY5NmU2MDkxYWI1XkEyXkFqcGdeQXVyMjUzOTY1NTc@._V1_.jpg,The Borg travel back in time intent on preventing Earth's first contact with an alien species. Captain Picard and his crew pursue them to ensure that Zefram Cochrane makes his maiden flight reaching warp speed.,45000000
Star Trek: Insurrection,1998,Inglês,Jonathan Frakes,"Ação, Aventura, Ficção científica",103,https://www.imdb.com/title/tt0120844,https://m.media-amazon.com/images/M/MV5BNWEzZDI0NjEtY2FkMC00ZjQwLWI2YzgtZDEyMzMwZmRlZDlhXkEyXkFqcGdeQXVyMTQxNzMzNDI@._V1_.jpg,"When the crew of the Enterprise learn of a Federation conspiracy against the inhabitants of a unique planet, Captain Picard begins an open rebellion.",58000000
Star Trek: Nemesis,2002,Inglês,Stuart Baird,"Ação, Aventura, Ficção científica",116,https://www.imdb.com/title/tt0253754,https://m.media-amazon.com/images/M/MV5BMjAxNjY2NDY3NF5BMl5BanBnXkFtZTcwMjA0MTEzMw@@._V1_.jpg,"The Enterprise is diverted to the Romulan homeworld Romulus, supposedly because they want to negotiate a peace treaty. Captain Picard and his crew discover a serious threat to the Federation once Praetor Shinzon plans to attack Earth.",60000000
Star Trek,2009,Inglês,J.J. Abrams,"Ação, Aventura, Ficção científica",127,https://www.imdb.com/title/tt0796366,https://m.media-amazon.com/images/M/MV5BMjE5NDQ5OTE4Ml5BMl5BanBnXkFtZTcwOTE3NDIzMw@@._V1_.jpg,The brash James T. Kirk tries to live up to his father's legacy with Mr. Spock keeping him in check as a vengeful Romulan from the future creates black holes to destroy the Federation one planet at a time.,150000000
Star Trek Into Darkness,2013,Inglês,J.J. Abrams,"Ação, Aventura, Ficção científica",132,https://www.imdb.com/title/tt1408101,https://m.media-amazon.com/images/M/MV5BMTk2NzczOTgxNF5BMl5BanBnXkFtZTcwODQ5ODczOQ@@._V1_.jpg,"After the crew of the Enterprise find an unstoppable force of terror from within their own organization, Captain Kirk leads a manhunt to a war-zone world to capture a one-man weapon of mass destruction.",190000000
Star Trek Beyond,2016,Inglês,Justin Lin,"Ação, Aventura, Ficção científica",122,https://www.imdb.com/title/tt2660888,https://m.media-amazon.com/images/M/MV5BNDc2YThlMTgtN2M3Yi00YzkxLWE4MDQtMWJmYmZiNTNjNjJlXkEyXkFqcGdeQXVyMjUzOTY1NTc@._V1_.jpg,"The crew of the USS Enterprise explores the furthest reaches of uncharted space, where they encounter a new ruthless enemy, who puts them, and everything the Federation stands for, to the test.",185000000
Big Hero 6,2014,Inglês,"Don Hall, Chris Williams","Animação, Ação, Aventura",102,https://www.imdb.com/title/tt2245084,https://m.media-amazon.com/images/M/MV5BMDliOTIzNmUtOTllOC00NDU3LWFiNjYtMGM0NDc1YTMxNjYxXkEyXkFqcGdeQXVyNTM3NzExMDQ@._V1_.jpg,"A special bond develops between plus-sized inflatable robot Baymax and prodigy Hiro Hamada, who together team up with a group of friends to form a band of high-tech heroes.",165000000
Star Wars: Episode I - The Phantom Menace,1999,Inglês,George Lucas,"Ação, Aventura, Fantasia",136,https://www.imdb.com/title/tt0120915,https://m.media-amazon.com/images/M/MV5BYTRhNjcwNWQtMGJmMi00NmQyLWE2YzItODVmMTdjNWI0ZDA2XkEyXkFqcGdeQXVyNTAyODkwOQ@@._V1_.jpg,"Two Jedi escape a hostile blockade to find allies and come across a young boy who may bring balance to the Force, but the long dormant Sith resurface to claim their original glory.",115000000
Star Wars: Episode II - Attack of the Clones,2002,Inglês,George Lucas,"Ação, Aventura, Fantasia",142,https://www.imdb.com/title/tt0121765,https://m.media-amazon.com/images/M/MV5BMDAzM2M0Y2UtZjRmZi00MzVlLTg4MjEtOTE3NzU5ZDVlMTU5XkEyXkFqcGdeQXVyNDUyOTg3Njg@._V1_.jpg,"Ten years after initially meeting, Anakin Skywalker shares a forbidden romance with Padmé Amidala, while Obi-Wan Kenobi investigates an assassination attempt on the senator and discovers a secret clone army crafted for the Jedi.",115000000
Star Wars: Episode III - Revenge of the Sith,2005,Inglês,George Lucas,"Ação, Aventura, Fantasia",140,https://www.imdb.com/title/tt0121766,https://m.media-amazon.com/images/M/MV5BNTc4MTc3NTQ5OF5BMl5BanBnXkFtZTcwOTg0NjI4NA@@._V1_.jpg,"Three years into the Clone Wars, the Jedi rescue Palpatine from Count Dooku. As Obi-Wan pursues a new threat, Anakin acts as a double agent between the Jedi Council and Palpatine and is lured into a sinister plan to rule the galaxy.",113000000
Solo: A Star Wars Story,2018,Inglês,Ron Howard,"Ação, Aventura, Ficção científica",135,https://www.imdb.com/title/tt3778644,https://m.media-amazon.com/images/M/MV5BOTM2NTI3NTc3Nl5BMl5BanBnXkFtZTgwNzM1OTQyNTM@._V1_.jpg,"Board the Millennium Falcon and journey to a galaxy far, far away in an epic action-adventure that will set the course of one of the Star Wars saga's most unlikely heroes.",275000000
Rogue One: A Star Wars Story,2016,Inglês,Gareth Edwards,"Ação, Aventura, Ficção científica",133,https://www.imdb.com/title/tt3748528,https://m.media-amazon.com/images/M/MV5BMjEwMzMxODIzOV5BMl5BanBnXkFtZTgwNzg3OTAzMDI@._V1_.jpg,"In a time of conflict, a group of unlikely heroes band together on a mission to steal the plans to the Death Star, the Empire's ultimate weapon of destruction.",200000000
Star Wars,1977,Inglês,George Lucas,"Ação, Aventura, Fantasia",121,https://www.imdb.com/title/tt0076759/,https://m.media-amazon.com/images/M/MV5BNzg4MjQxNTQtZmI5My00YjMwLWJlMjUtMmJlY2U2ZWFlNzY1XkEyXkFqcGdeQXVyODk4OTc3MTY@._V1_.jpg,"Luke Skywalker joins forces with a Jedi Knight, a cocky pilot, a Wookiee and two droids to save the galaxy from the Empire's world-destroying battle station, while also attempting to rescue Princess Leia from the mysterious Darth Vader.",11000000
Star Wars: Episode V - The Empire Strikes Back,1980,Inglês,Irvin Kershner,"Ação, Aventura, Fantasia",124,https://www.imdb.com/title/tt0080684,https://m.media-amazon.com/images/M/MV5BYmU1NDRjNDgtMzhiMi00NjZmLTg5NGItZDNiZjU5NTU4OTE0XkEyXkFqcGdeQXVyNzkwMjQ5NzM@._V1_.jpg,"After the Rebels are brutally overpowered by the Empire on the ice planet Hoth, Luke Skywalker begins Jedi training with Yoda, while his friends are pursued across the galaxy by Darth Vader and bounty hunter Boba Fett.",18000000
Star Wars: Episode VI - Return of the Jedi,1983,Inglês,Richard Marquand,"Ação, Aventura, Fantasia",131,https://www.imdb.com/title/tt0086190,https://m.media-amazon.com/images/M/MV5BOWZlMjFiYzgtMTUzNC00Y2IzLTk1NTMtZmNhMTczNTk0ODk1XkEyXkFqcGdeQXVyNTAyODkwOQ@@._V1_.jpg,"After a daring mission to rescue Han Solo from Jabba the Hutt, the Rebels dispatch to Endor to destroy the second Death Star. Meanwhile, Luke struggles to help Darth Vader back from the dark side without falling into the Emperor's trap.",32500000
Star Wars: Episode VII - The Force Awakens,2015,Inglês,J.J. Abrams,"Ação, Aventura, Ficção científica",138,https://www.imdb.com/title/tt2488496,https://m.media-amazon.com/images/M/MV5BOTAzODEzNDAzMl5BMl5BanBnXkFtZTgwMDU1MTgzNzE@._V1_.jpg,"As a new threat to the galaxy rises, Rey, a desert scavenger, and Finn, an ex-stormtrooper, must join Han Solo and Chewbacca to search for the one hope of restoring peace.",245000000
Star Wars: Episode VIII - The Last Jedi,2017,Inglês,Rian Johnson,"Ação, Aventura, Fantasia",152,https://www.imdb.com/title/tt2527336,https://m.media-amazon.com/images/M/MV5BMjQ1MzcxNjg4N15BMl5BanBnXkFtZTgwNzgwMjY4MzI@._V1_.jpg,"The Star Wars saga continues as new heroes and galactic legends go on an epic adventure, unlocking mysteries of the Force and shocking revelations of the past.",317000000
Star Wars: Episode IX - The Rise of Skywalker,2019,Inglês,J.J. Abrams,"Ação, Aventura, Fantasia",141,https://www.imdb.com/title/tt2527338,https://m.media-amazon.com/images/M/MV5BMDljNTQ5ODItZmQwMy00M2ExLTljOTQtZTVjNGE2NTg0NGIxXkEyXkFqcGdeQXVyODkzNTgxMDg@._V1_.jpg,"In the riveting conclusion of the landmark Skywalker saga, new legends will be born-and the final battle for freedom is yet to come.",275000000
The Iron Giant,1999,Inglês,Brad Bird,"Animação, Ação, Aventura",86,https://www.imdb.com/title/tt0129167,https://m.media-amazon.com/images/M/MV5BMjIxNDU2Njk0OV5BMl5BanBnXkFtZTgwODc3Njc3NjE@._V1_.jpg,A young boy befriends a giant robot from outer space that a paranoid government agent wants to destroy.,70000000
Ron's Gone Wrong,2021,Inglês,"Sarah Smith, Jean-Philippe Vine","Animação, Aventura, Comédia",106,https://www.imdb.com/title/tt7504818,https://m.media-amazon.com/images/M/MV5BMzMxMjllYTgtZWNjZS00ODc0LTljZWUtYjdiMDQ2ZDJkM2FkXkEyXkFqcGdeQXVyNjY1MTg4Mzc@._V1_.jpg,"The story of Barney, an awkward middle-schooler and Ron, his new walking, talking, digitally-connected device. Ron's malfunctions set against the backdrop of the social media age launch them on a journey to learn about true friendship.",
Akira,1988,Japonês,Katsuhiro Ôtomo,"Animação, Ação, Drama",124,https://www.imdb.com/title/tt0094625,https://m.media-amazon.com/images/M/MV5BM2ZiZTk1ODgtMTZkNS00NTYxLWIxZTUtNWExZGYwZTRjODViXkEyXkFqcGdeQXVyMTE2MzA3MDM@._V1_.jpg,"A secret military project endangers Neo-Tokyo when it turns a biker gang member into a rampaging psychic psychopath who can only be stopped by a teenager, his gang of biker friends and a group of psychics.",1100000000
Luca,2021,Inglês,Enrico Casarosa,"Animação, Aventura, Comédia",95,https://www.imdb.com/title/tt12801262,https://m.media-amazon.com/images/M/MV5BZTQyNTU0MDktYTFkYi00ZjNhLWE2ODctMzBkM2U1ZTk3YTMzXkEyXkFqcGdeQXVyNTI4MzE4MDU@._V1_.jpg,"On the Italian Riviera, an unlikely but strong friendship grows between a human being and a sea monster disguised as a human.",
Antz,1998,Inglês,"Eric Darnell, Tim Johnson","Animação, Aventura, Comédia",83,https://www.imdb.com/title/tt0120587,https://m.media-amazon.com/images/M/MV5BMzMzMDdlMDktODg4OC00Y2E5LTk1ZjMtNzM2MzIxZGQ0ZGI3XkEyXkFqcGdeQXVyMTQxNzMzNDI@._V1_.jpg,A rather neurotic ant tries to break from his totalitarian society while trying to win the affection of the princess he loves.,105000000
The Prince of Egypt,1998,Inglês,"Brenda Chapman, Steve Hickner, Simon Wells","Animação, Aventura, Drama",99,https://www.imdb.com/title/tt0120794,https://m.media-amazon.com/images/M/MV5BOWNjMjgyNmMtNWMzZC00YjI4LWI1NmUtMTY0ZTA0ZDQ4Y2EwXkEyXkFqcGdeQXVyNTUyMzE4Mzg@._V1_.jpg,Egyptian Prince Moses learns of his identity as a Hebrew and his destiny to become the chosen deliverer of his people.,70000000
The Road to El Dorado,2000,Inglês,"Bibo Bergeron, Don Paul, Jeffrey Katzenberg","Animação, Aventura, Comédia",89,https://www.imdb.com/title/tt0138749,https://m.media-amazon.com/images/M/MV5BOTEzNWIwMzctOTE1YS00YjIyLTgwZGEtMTMxZDAzNzlmODMxXkEyXkFqcGdeQXVyMjgyMDk1MzY@._V1_.jpg,"Two swindlers get their hands on a map to the fabled city of gold, El Dorado.",95000000
Chicken Run,2000,Inglês,"Peter Lord, Nick Park","Animação, Aventura, Comédia",84,https://www.imdb.com/title/tt0120630,https://m.media-amazon.com/images/M/MV5BNDgxNjZlZDYtZGJmZC00Mjg0LWEwYzctYWQ0MWFjNTM3ZmM4XkEyXkFqcGdeQXVyNTM5NzI0NDY@._V1_.jpg,"When a cockerel apparently flies into a chicken farm, the chickens see him as an opportunity to escape their evil owners.",45000000
Batman Forever,1995,Inglês,Joel Schumacher,"Ação, Aventura",121,https://www.imdb.com/title/tt0112462,https://m.media-amazon.com/images/M/MV5BNDdjYmFiYWEtYzBhZS00YTZkLWFlODgtY2I5MDE0NzZmMDljXkEyXkFqcGdeQXVyMTMxODk2OTU@._V1_.jpg,"Batman must battle former district attorney Harvey Dent, who is now Two-Face and Edward Nygma, The Riddler with help from an amorous psychologist and a young circus acrobat who becomes his sidekick, Robin.",100000000
Batman & Robin,1997,Inglês,Joel Schumacher,"Ação, Ficção científica",125,https://www.imdb.com/title/tt0118688,https://m.media-amazon.com/images/M/MV5BMGQ5YTM1NmMtYmIxYy00N2VmLWJhZTYtN2EwYTY3MWFhOTczXkEyXkFqcGdeQXVyNTA2NTI0MTY@._V1_.jpg,Batman and Robin try to keep their relationship together even as they must stop Mr. Freeze and Poison Ivy from freezing Gotham City.,125000000
Wish Dragon,2021,Inglês,Chris Appelhans,"Animação, Aventura, Comédia",98,https://www.imdb.com/title/tt5562070,https://m.media-amazon.com/images/M/MV5BNDg0N2NiZTAtZWVjNy00YmJlLWI0NDktMjFkMmRiZGIyNzRmXkEyXkFqcGdeQXVyMTA1OTcyNDQ4._V1_.jpg,Determined teen Din is longing to reconnect with his childhood best friend when he meets a wish-granting dragon who shows him the magic of possibilities.,
Exam,2009,Inglês,Stuart Hazeldine,"Mistério, Thriller",101,https://www.imdb.com/title/tt1258197,https://m.media-amazon.com/images/M/MV5BNDg2NzM2NzIwNF5BMl5BanBnXkFtZTcwODE2ODc1Mg@@._V1_.jpg,"Eight candidates for a highly desirable corporate job are locked together in an exam room and given a final test with just one seemingly simple question. However, it doesn't take long for confusion to ensue and tensions to unravel.",
Marighella,2019,Inglês,Wagner Moura,"Ação, Drama, História",155,https://www.imdb.com/title/tt7825208,https://m.media-amazon.com/images/M/MV5BMmZkNjg3MTgtY2E3OC00YTBmLWI3YTktZWVlZDIxMjAwOTcwXkEyXkFqcGdeQXVyMTkzODUwNzk@._V1_.jpg,"Facing a violent military dictatorship and an intimidated opposition, writer-turned-politician Carlos Marighella articulates a resistance all the while ousting heinous crimes of torture and the infamous censorship instituted by the regime.",4000000
Dallas Buyers Club,2013,Inglês,Jean-Marc Vallée,"Biografia, Drama",117,https://www.imdb.com/title/tt0790636,https://m.media-amazon.com/images/M/MV5BMTYwMTA4MzgyNF5BMl5BanBnXkFtZTgwMjEyMjE0MDE@._V1_.jpg,"In 1985 Dallas, electrician and hustler Ron Woodroof works around the system to help AIDS patients get the medication they need after he is diagnosed with the disease.",5000000
Birdman or (The Unexpected Virtue of Ignorance),2014,Inglês,Alejandro G. Iñárritu,"Comédia, Drama",119,https://www.imdb.com/title/tt2562232,https://m.media-amazon.com/images/M/MV5BODAzNDMxMzAxOV5BMl5BanBnXkFtZTgwMDMxMjA4MjE@._V1_.jpg,"A washed-up superhero actor attempts to revive his fading career by writing, directing, and starring in a Broadway production.",18000000
La La Land,2016,Inglês,Damien Chazelle,"Comédia, Drama, Música",128,https://www.imdb.com/title/tt3783958,https://m.media-amazon.com/images/M/MV5BMzUzNDM2NzM2MV5BMl5BanBnXkFtZTgwNTM3NTg4OTE@._V1_.jpg,"While navigating their careers in Los Angeles, a pianist and an actress fall in love while attempting to reconcile their aspirations for the future.",30000000
The Revenant,2015,Inglês,Alejandro G. Iñárritu,"Ação, Aventura, Drama",156,https://www.imdb.com/title/tt1663202,https://m.media-amazon.com/images/M/MV5BMDE5OWMzM2QtOTU2ZS00NzAyLWI2MDEtOTRlYjIxZGM0OWRjXkEyXkFqcGdeQXVyODE5NzE3OTE@._V1_.jpg,A frontiersman on a fur trading expedition in the 1820s fights for survival after being mauled by a bear and left for dead by members of his own hunting team.,135000000
Moonlight,2016,Inglês,Barry Jenkins,Drama,111,https://www.imdb.com/title/tt4975722,https://m.media-amazon.com/images/M/MV5BNzQxNTIyODAxMV5BMl5BanBnXkFtZTgwNzQyMDA3OTE@._V1_.jpg,"A young African-American man grapples with his identity and sexuality while experiencing the everyday struggles of childhood, adolescence, and burgeoning adulthood.",4000000
The Shape of Water,2017,Inglês,Guilherme del Toro,"Aventura, Drama, Fantasia",123,https://www.imdb.com/title/tt5580390,https://m.media-amazon.com/images/M/MV5BNGNiNWQ5M2MtNGI0OC00MDA2LWI5NzEtMmZiYjVjMDEyOWYzXkEyXkFqcGdeQXVyMjM4NTM5NDY@._V1_.jpg,"At a top secret research facility in the 1960s, a lonely janitor forms a unique relationship with an amphibious creature that is being held in captivity.",19400000
Nightcrawler,2014,Inglês,Dan Gilroy,"Crime, Drama, Thriller",117,https://www.imdb.com/title/tt2872718,https://m.media-amazon.com/images/M/MV5BN2U1YzdhYWMtZWUzMi00OWI1LWFkM2ItNWVjM2YxMGQ2MmNhXkEyXkFqcGdeQXVyNjU0OTQ0OTY@._V1_.jpg,"When Louis Bloom, a con man desperate for work, muscles into the world of L.A. crime journalism, he blurs the line between observer and participant to become the star of his own story.",8500000
Black Swan,2010,Inglês,Darren Aronofsky,"Drama, Thriller",108,https://www.imdb.com/title/tt0947798,https://m.media-amazon.com/images/M/MV5BNzY2NzI4OTE5MF5BMl5BanBnXkFtZTcwMjMyNDY4Mw@@._V1_.jpg,"A committed dancer struggles to maintain her sanity after winning the lead role in a production of Tchaikovsky's ""Swan Lake"".",13000000
Ford v Ferrari,2019,Inglês,James Mangold,"Ação, Biografia, Drama",152,https://www.imdb.com/title/tt1950186,https://m.media-amazon.com/images/M/MV5BM2UwMDVmMDItM2I2Yi00NGZmLTk4ZTUtY2JjNTQ3OGQ5ZjM2XkEyXkFqcGdeQXVyMTA1OTYzOTUx._V1_.jpg,American car designer Carroll Shelby and driver Ken Miles battle corporate interference and the laws of physics to build a revolutionary race car for Ford in order to defeat Ferrari at the 24 Hours of Le Mans in 1966.,97600000
Rush,2013,Inglês,Ron Howard,"Ação, Biografia, Drama",123,https://www.imdb.com/title/tt1979320,https://m.media-amazon.com/images/M/MV5BOWEwODJmZDItYTNmZC00OGM4LThlNDktOTQzZjIzMGQxODA4XkEyXkFqcGdeQXVyNjU0OTQ0OTY@._V1_.jpg,The merciless 1970s rivalry between Formula One rivals James Hunt and Niki Lauda.,38000000
Inglourious Basterds,2009,Inglês,Quentin Tarantino,"Aventura, Drama, Guerra",153,https://www.imdb.com/title/tt0361748,https://m.media-amazon.com/images/M/MV5BOTJiNDEzOWYtMTVjOC00ZjlmLWE0NGMtZmE1OWVmZDQ2OWJhXkEyXkFqcGdeQXVyNTIzOTk5ODM@._V1_.jpg,"In Nazi-occupied France during World War II, a plan to assassinate Nazi leaders by a group of Jewish U.S. soldiers coincides with a theatre owner's vengeful plans for the same.",70000000
American Hustle,2013,Inglês,David O. Russell,"Crime, Drama",138,https://www.imdb.com/title/tt1800241,https://m.media-amazon.com/images/M/MV5BMmM4YzJjZGMtNjQxMy00NjdlLWJjYTItZWZkYzdhOTdhNzFiXkEyXkFqcGdeQXVyMTMxODk2OTU@._V1_.jpg,"A con man, Irving Rosenfeld, along with his seductive partner Sydney Prosser, is forced to work for a wild F.B.I. Agent, Richie DiMaso, who pushes them into a world of Jersey powerbrokers and the Mafia.",40000000
Elysium,2013,Inglês,Neill Blomkamp,"Ação, Drama, Ficção científica",109,https://www.imdb.com/title/tt1535108,https://m.media-amazon.com/images/M/MV5BNDc2NjU0MTcwNV5BMl5BanBnXkFtZTcwMjg4MDg2OQ@@._V1_.jpg,"In the year 2154, the very wealthy live on a man-made space station while the rest of the population resides on a ruined Earth. A man takes on a mission that could bring equality to the polarized worlds.",115000000
Pulp Fiction,1994,Inglês,Quentin Tarantino,"Crime, Drama",154,https://www.imdb.com/title/tt0110912,https://m.media-amazon.com/images/M/MV5BNGNhMDIzZTUtNTBlZi00MTRlLWFjM2ItYzViMjE3YzI5MjljXkEyXkFqcGdeQXVyNzkwMjQ5NzM@._V1_.jpg,"The lives of two mob hitmen, a boxer, a gangster and his wife, and a pair of diner bandits intertwine in four tales of violence and redemption.",8000000
House of Gucci,2021,Inglês,Ridley Scott,"Crime, Drama, Thriller",157,https://www.imdb.com/title/tt11214590,https://m.media-amazon.com/images/M/MV5BYzdlMTMyZWQtZWNmMC00MTJiLWIyMWMtM2ZlZDdlYzZhNTc0XkEyXkFqcGdeQXVyMTMzNDE5NDM2._V1_.jpg,"When Patrizia Reggiani, an outsider from humble beginnings, marries into the Gucci family, her unbridled ambition begins to unravel their legacy and triggers a reckless spiral of betrayal, decadence, revenge, and ultimately...murder.",75000000
The Curse of the Were-Rabbit,2005,Inglês,"Steve Box, Nick Park","Animação, Aventura, Comédia",85,https://www.imdb.com/title/tt0312004,https://m.media-amazon.com/images/M/MV5BZmExY2Y3NGQtMzg5ZC00MGY1LTk3ZjktNWYyYzYwMTA1MTUwXkEyXkFqcGdeQXVyNjk1Njg5NTA@._V1_.jpg,"Wallace and his loyal dog, Gromit, set out to discover the mystery behind the garden sabotage that plagues their village and threatens the annual giant vegetable growing contest.",30000000
Robots,2005,Inglês,"Chris Wedge, Carlos Saldanha","Animação, Aventura, Comédia",91,https://www.imdb.com/title/tt0358082,https://m.media-amazon.com/images/M/MV5BZmJhNTQwY2MtYTU0Yy00NDVhLThiZTktNmMxZTk5Nzk3NzE2XkEyXkFqcGdeQXVyNTUyMzE4Mzg@._V1_.jpg,"In a robot world, a young idealistic inventor travels to the big city to join his inspiration's company, only to find himself opposing its sinister new management.",75000000
Bolt,2008,Inglês,"Byron Howard, Chris Williams","Animação, Aventura, Comédia",96,https://www.imdb.com/title/tt0397892,https://m.media-amazon.com/images/M/MV5BNDQyNDE5NjQ1N15BMl5BanBnXkFtZTcwMDExMTAwMg@@._V1_.jpg,The canine star of a fictional sci-fi/action show that believes his powers are real embarks on a cross country trek to save his co-star from a threat he believes is just as real.,150000000
Raya and the Last Dragon,2021,Inglês,"Don Hall, Carlos López Estrada","Animação, Ação, Aventura",107,https://www.imdb.com/title/tt5109280,https://m.media-amazon.com/images/M/MV5BZWNiOTc4NGItNGY4YS00ZGNkLThkOWEtMDE2ODcxODEwNjkwXkEyXkFqcGdeQXVyMTkxNjUyNQ@@._V1_.jpg,"In a realm known as Kumandra, a re-imagined Earth inhabited by an ancient civilization, a warrior named Raya is determined to find the last dragon.",
Argo,2012,Inglês,Ben Affleck,"Biografia, Drama, Thriller",120,https://www.imdb.com/title/tt1024648,https://m.media-amazon.com/images/M/MV5BNzljNjY3MDYtYzc0Ni00YjU0LWIyNDUtNTE0ZDRiMGExMjZlXkEyXkFqcGdeQXVyMTMxODk2OTU@._V1_.jpg,"Acting under the cover of a Hollywood producer scouting a location for a science fiction film, a CIA agent launches a dangerous operation to rescue six Americans in Tehran during the U.S. hostage crisis in Iran in 1979.",44500000
Sing,2016,Inglês,"Garth Jennings, Christophe Lourdelet","Animação, Comédia, Família",108,https://www.imdb.com/title/tt3470600,https://m.media-amazon.com/images/M/MV5BMTYzODYzODU2Ml5BMl5BanBnXkFtZTgwNTc1MTA2NzE@._V1_.jpg,"In a city of humanoid animals, a hustling theater impresario's attempt to save his theater with a singing competition becomes grander than he anticipates even as its finalists find that their lives will never be the same.",75000000
Sing 2,2021,Inglês,Garth Jennings,"Animação, Aventura, Comédia",112,https://www.imdb.com/title/tt6467266,https://m.media-amazon.com/images/M/MV5BMWRiZGQ1NDMtODQ2OS00MDlhLWJkZGYtM2ZmNjlhZThjOWRmXkEyXkFqcGdeQXVyMTkxNjUyNQ@@._V1_.jpg,Buster Moon and his friends must persuade reclusive rock star Clay Calloway to join them for the opening of a new show.,85000000
Ghost in the Shell,2017,Inglês,Rupert Sanders,"Ação, Crime, Drama",107,https://www.imdb.com/title/tt1219827,https://m.media-amazon.com/images/M/MV5BMzJiNTI3MjItMGJiMy00YzA1LTg2MTItZmE1ZmRhOWQ0NGY1XkEyXkFqcGdeQXVyOTk4MTM0NQ@@._V1_.jpg,"In the near future, Major Mira Killian is the first of her kind: A human saved from a terrible crash, who is cyber-enhanced to be a perfect soldier devoted to stopping the world's most dangerous criminals.",110000000
The Breakfast Club,1985,Inglês,John Hughes,"Comédia, Drama",97,https://www.imdb.com/title/tt0088847,https://m.media-amazon.com/images/M/MV5BOTM5N2ZmZTMtNjlmOS00YzlkLTk3YjEtNTU1ZmQ5OTdhODZhXkEyXkFqcGdeQXVyMTQxNzMzNDI@._V1_.jpg,Five high school students meet in Saturday detention and discover how they have a lot more in common than they thought.,1000000
El Camino: A Breaking Bad Movie,2019,Inglês,Vince Gilligan,"Ação, Crime, Drama",122,https://www.imdb.com/title/tt9243946,https://m.media-amazon.com/images/M/MV5BNjk4MzVlM2UtZGM0ZC00M2M1LThkMWEtZjUyN2U2ZTc0NmM5XkEyXkFqcGdeQXVyOTAzMTc2MjA@._V1_.jpg,"Fugitive Jesse Pinkman runs from his captors, the law, and his past.",
Man on the Moon,1999,Inglês,Milos Forman,"Biografia, Comédia, Drama",118,https://www.imdb.com/title/tt0125664,https://m.media-amazon.com/images/M/MV5BNDI1Mjc3MzAtZDk0OS00OTZlLTlhZjktNzA3ODgwZGY2NWIwXkEyXkFqcGdeQXVyMTQxNzMzNDI@._V1_.jpg,The life and career of legendary comedian Andy Kaufman.,82000000
Bruce Almighty,2003,Inglês,Tom Shadyac,"Comédia, Fantasia",101,https://www.imdb.com/title/tt0315327,https://m.media-amazon.com/images/M/MV5BNzMyZDhiZDUtYWUyMi00ZDQxLWE4NDQtMWFlMjI1YjVjMjZiXkEyXkFqcGdeQXVyNjU0OTQ0OTY@._V1_.jpg,A whiny news reporter is given the chance to step into God's shoes.,81000000
Uncharted,2022,Inglês,Ruben Fleischer,"Ação, Aventura",116,https://www.imdb.com/title/tt1464335,https://m.media-amazon.com/images/M/MV5BMWEwNjhkYzYtNjgzYy00YTY2LThjYWYtYzViMGJkZTI4Y2MyXkEyXkFqcGdeQXVyNTM0OTY1OQ@@._V1_.jpg,"Street-smart Nathan Drake is recruited by seasoned treasure hunter Victor ""Sully"" Sullivan to recover a fortune amassed by Ferdinand Magellan, and lost 500 years ago by the House of Moncada.",120000000
Watchmen,2009,Inglês,Zack Snyder,"Ação, Drama, Mistério",162,https://www.imdb.com/title/tt0409459,https://m.media-amazon.com/images/M/MV5BY2IzNGNiODgtOWYzOS00OTI0LTgxZTUtOTA5OTQ5YmI3NGUzXkEyXkFqcGdeQXVyNjU0OTQ0OTY@._V1_.jpg,"In 1985 where former superheroes exist, the murder of a colleague sends active vigilante Rorschach into his own sprawling investigation, uncovering something that could completely change the course of history as we know it.",130000000
Avatar,2009,Inglês,James Cameron,"Aventura, Ação, Fantasia",162,https://www.imdb.com/title/tt0499549,https://m.media-amazon.com/images/M/MV5BZDA0OGQxNTItMDZkMC00N2UyLTg3MzMtYTJmNjg3Nzk5MzRiXkEyXkFqcGdeQXVyMjUzOTY1NTc@._V1_.jpg,A paraplegic Marine dispatched to the moon Pandora on a unique mission becomes torn between following his orders and protecting the world he feels is his home.,237000000
Pirates of the Caribbean: The Curse of the Black Pearl,2003,Inglês,Gore Verbinski,"Aventura, Ação, Fantasia",143,https://www.imdb.com/title/tt0325980,https://m.media-amazon.com/images/M/MV5BNGYyZGM5MGMtYTY2Ni00M2Y1LWIzNjQtYWUzM2VlNGVhMDNhXkEyXkFqcGdeQXVyMTMxODk2OTU@._V1_.jpg,"Blacksmith Will Turner teams up with eccentric pirate ""Captain"" Jack Sparrow to save his love, the governor's daughter, from Jack's former pirate allies, who are now undead.",140000000
Pirates of the Caribbean: Dead Man's Chest,2006,Inglês,Gore Verbinski,"Aventura, Ação, Fantasia",151,https://www.imdb.com/title/tt0383574,https://m.media-amazon.com/images/M/MV5BMTcwODc1MTMxM15BMl5BanBnXkFtZTYwMDg1NzY3._V1_.jpg,"Jack Sparrow races to recover the heart of Davy Jones to avoid enslaving his soul to Jones' service, as other friends and foes seek the heart for their own agenda as well.",225000000
Pirates of the Caribbean: At World's End,2007,Inglês,Gore Verbinski,"Aventura, Ação, Fantasia",169,https://www.imdb.com/title/tt0449088,https://m.media-amazon.com/images/M/MV5BMjIyNjkxNzEyMl5BMl5BanBnXkFtZTYwMjc3MDE3._V1_.jpg,"Captain Barbossa, Will Turner and Elizabeth Swann must sail off the edge of the map, navigate treachery and betrayal, find Jack Sparrow, and make their final alliances for one last decisive battle.",300000000
Pirates of the Caribbean: On Stranger Tides,2011,Inglês,Rob Marshall,"Aventura, Ação, Fantasia",136,https://www.imdb.com/title/tt1298650,https://m.media-amazon.com/images/M/MV5BMjE5MjkwODI3Nl5BMl5BanBnXkFtZTcwNjcwMDk4NA@@._V1_.jpg,"Jack Sparrow and Barbossa embark on a quest to find the elusive fountain of youth, only to discover that Blackbeard and his daughter are after it too.",250000000
Pirates of the Caribbean: Dead Men Tell No Tales,2017,Inglês,"Espen Sandberg, Joachim Rønning","Aventura, Ação, Fantasia",129,https://www.imdb.com/title/tt1790809,https://m.media-amazon.com/images/M/MV5BMTYyMTcxNzc5M15BMl5BanBnXkFtZTgwOTg2ODE2MTI@._V1_.jpg,Captain Jack Sparrow is pursued by old rival Captain Salazar and a crew of deadly ghosts who have escaped from the Devil's Triangle. They're determined to kill every pirate at sea...notably Jack.,230000000
Shame,2011,Inglês,Steve McQueen,Drama,101,https://www.imdb.com/title/tt1723811,https://m.media-amazon.com/images/M/MV5BOGU4Mjc0ZWMtNGQ0OS00ZWQ4LThkNDUtOTE1Y2EzYjgzMDU5XkEyXkFqcGdeQXVyODE5NzE3OTE@._V1_.jpg,A sex addict's carefully cultivated private life falls apart after his sister arrives for an indefinite stay.,6500000
12 Years a Slave,2013,Inglês,Steve McQueen,"Biografia, Drama, História",134,https://www.imdb.com/title/tt2024544,https://m.media-amazon.com/images/M/MV5BMjExMTEzODkyN15BMl5BanBnXkFtZTcwNTU4NTc4OQ@@._V1_.jpg,"In the antebellum United States, Solomon Northup, a free black man from upstate New York, is abducted and sold into slavery.",20000000
Macbeth,2015,Inglês,Justin Kurzel,"Drama, Guerra, História",113,https://www.imdb.com/title/tt2884018,https://m.media-amazon.com/images/M/MV5BMTc1ODk4ODM0OF5BMl5BanBnXkFtZTgwODIyNTI4NjE@._V1_.jpg,"Macbeth, the Thane of Glamis, receives a prophecy from a trio of witches that one day he will become King of Scotland. Consumed by ambition and spurred to action by his wife, Macbeth murders his king and takes the throne for himself.",15000000
Slow West,2015,Inglês,John Maclean,"Animação, Ação, Drama",84,https://www.imdb.com/title/tt3205376,https://m.media-amazon.com/images/M/MV5BNTYxNDA5ODk5NF5BMl5BanBnXkFtZTgwNzMwMzIwNTE@._V1_.jpg,"A young Scottish man travels across America in pursuit of the woman he loves, attracting the attention of an outlaw who is willing to serve as a guide.",2000000
Jobs,2013,Inglês,Joshua Michael Stern,"Biografia, Drama",128,https://www.imdb.com/title/tt2357129,https://m.media-amazon.com/images/M/MV5BMTM5NTQ3MTYxN15BMl5BanBnXkFtZTcwODE2Nzk3OQ@@._V1_.jpg,The story of Steve Jobs' ascension from college dropout into one of the most revered creative entrepreneurs of the 20th century.,12000000
Morbius,2022,Inglês,Daniel Espinosa,"Aventura, Ação, Drama",108,https://www.imdb.com/title/tt5108870,https://m.media-amazon.com/images/M/MV5BNTA3N2Q0ZTAtODJjNy00MmQzLWJlMmItOGFmNDI0ODgxN2QwXkEyXkFqcGdeQXVyMTM0NTUzNDIy._V1_.jpg,"Biochemist Michael Morbius tries to cure himself of a rare blood disease, but he inadvertently infects himself with a form of vampirism instead.",75000000
Trading Places,1983,Inglês,John Landis,Comédia,114,https://www.imdb.com/title/tt0086465,https://m.media-amazon.com/images/M/MV5BYTEzMjBiMzktMjQyMS00YzBhLTgzNWQtNzA0NmEwMTNmMDQ2XkEyXkFqcGdeQXVyNDk3NzU2MTQ@._V1_.jpg,A snobbish investor and a wily street con artist find their positions reversed as part of a bet by two callous millionaires.,15000000
Spotlight,2015,Inglês,Tom McCarthy,"Biografia, Crime, Drama",129,https://www.imdb.com/title/tt1895587,https://m.media-amazon.com/images/M/MV5BMjIyOTM5OTIzNV5BMl5BanBnXkFtZTgwMDkzODE2NjE@._V1_.jpg,"The true story of how the Boston Globe uncovered the massive scandal of child molestation and cover-up within the local Catholic Archdiocese, shaking the entire Catholic Church to its core.",20000000
The Founder,2017,Inglês,John Lee Hancock,"Biografia, Drama",115,https://www.imdb.com/title/tt4276820/,https://m.media-amazon.com/images/M/MV5BZWY0NDk0YjItNTY4NC00NTNkLWE0NjUtZDE2ODNmOWMwZTQ4XkEyXkFqcGdeQXVyNzg5OTk2OA@@._V1_.jpg,"The story of Ray Kroc, a salesman who turned two brothers' innovative fast food eatery, McDonald's, into the biggest restaurant business in the world, with a combination of ambition, persistence, and ruthlessness.",25000000,"Michael Keaton, Nick Offerman, John Carroll Lynch, Linda Cardellini"
Snowden,2016,Inglês,Oliver Stone,"Biografia, Crime, Drama",134,https://www.imdb.com/title/tt3774114/,https://m.media-amazon.com/images/M/MV5BMTg2MzYzNzgzOF5BMl5BanBnXkFtZTgwOTg4NzQ4OTE@._V1_.jpg,"The NSA's illegal surveillance techniques are leaked to the public by one of the agency's employees, Edward Snowden, in the form of thousands of classified documents distributed to the press.",40000000,"Melissa Leo, Zachary Quinto, Joseph Gordon-Levitt, Jaymes Butler"
Black Panther: Wakanda Forever,2022,Inglês,Ryan Coogler,"Ação, Aventura, Drama",,https://www.imdb.com/title/tt9114286/,https://m.media-amazon.com/images/M/MV5BNjMxZmI4NzEtYWNjOS00M2MwLWE4YTctMjk1YWEzOTY1NjkwXkEyXkFqcGdeQXVyODk4OTc3MTY@._V1_.jpg,A sequel that will continue to explore the world of Wakanda and all the characters introduced in the 2018 film.,,"Letitia Wright, Martin Freeman, Tenoch Huerta, Lupita Nyong'o"
Spider-Man: Across the Spider-Verse,2023,Inglês,"Joaquim Dos Santos, Kemp Powers, Justin K. Thompson","Animação, Ação, Aventura",,https://www.imdb.com/title/tt9362722/,https://m.media-amazon.com/images/M/MV5BZGRhNDE1YjYtOGUzMC00YjliLThiOTgtYTkwNmQwNDZjYjFhXkEyXkFqcGdeQXVyMTEyMjM2NDc2._V1_.jpg,"Miles Morales returns for the next chapter of the Oscar®-winning Spider-Verse saga, an epic adventure that will transport Brooklyn's full-time, friendly neighborhood Spider-Man across the Multiverse to join forces with Gwen Stacy and a new team of Spider-People to face off with a villain more powerful than anything they have ever encountered.",150000000,"Shameik Moore, Hailee Steinfeld, Oscar Isaac, Jake Johnson"
Elvis,2022,Inglês,Baz Luhrmann,"Biografia, Drama, Música",159,https://www.imdb.com/title/tt3704428/,https://m.media-amazon.com/images/M/MV5BYzMzNTJjYmMtZTkxNS00MjI4LWI3YmQtOTQ4MDZjZDJlZjQyXkEyXkFqcGdeQXVyNjc0NzQzNTM@._V1_.jpg,"Elvis is Baz Luhrmann's biopic of Elvis Presley, from his childhood to becoming a rock and movie star in the 1950s while maintaining a complex relationship with his manager, Colonel Tom Parker.",85000000,"Austin Butler, Tom Hanks, Olivia DeJonge, Helen Thomson"
The Black Phone,2022,Inglês,Scott Derrickson,"Horror, Thriller",103,https://www.imdb.com/title/tt7144666/,https://m.media-amazon.com/images/M/MV5BNDI1NDE1NDItYzAwYS00NzMyLTllNDEtMWNkMjY5ODE4ZDEyXkEyXkFqcGdeQXVyMTQ3MjQ4Nzc4._V1_.jpg,"After being abducted by a child killer and locked in a soundproof basement, a 13-year-old boy starts receiving calls on a disconnected phone from the killer's previous victims.",18000000,"Mason Thames, Madeleine McGraw, Ethan Hawke, Jeremy Davies"
Minions: The Rise of Gru,2022,Inglês,"Kyle Balda, Brad Ableson, Jonathan del Val","Animação, Aventura, Comédia",87,https://www.imdb.com/title/tt5113044/,https://m.media-amazon.com/images/M/MV5BZDFkZTQ4ODctMGE4NC00NTdiLTllMzgtMWMwZGU2ZmM4Y2UwXkEyXkFqcGdeQXVyMTA3MDk2NDg2._V1_.jpg,The untold story of one twelve-year-old's dream to become the world's greatest supervillain.,80000000,"Steve Carell, Pierre Coffin, Alan Arkin, Taraji P. Henson"
Bullet Train,2022,Inglês,David Leitch,"Ação, Thriller",126,https://www.imdb.com/title/tt12593682/,https://m.media-amazon.com/images/M/MV5BMDU2ZmM2OTYtNzIxYy00NjM5LTliNGQtN2JmOWQzYTBmZWUzXkEyXkFqcGdeQXVyMTkxNjUyNQ@@._V1_.jpg,Five assassins aboard a fast moving bullet train find out their missions have something in common.,85900000,"Joey King, Karen Fukuhara, Brad Pitt, Zazie Beetz"
Hustle,2022,Inglês,Jeremiah Zagar,"Comédia, Drama, Esporte",117,https://www.imdb.com/title/tt8009428/,https://m.media-amazon.com/images/M/MV5BYjdhYTE3NjMtZjI3OC00NzVlLWFiNTUtNzQ3NDNiNTI3NDg4XkEyXkFqcGdeQXVyMTEyMjM2NDc2._V1_.jpg,A basketball scout discovers a phenomenal street ball player while in Spain and sees the prospect as his opportunity to get back into the NBA.,,"Adam Sandler, Queen Latifah, Juancho Hernangomez, Ben Foster"
Sonic the Hedgehog 2,2022,Inglês,Jeff Fowler,"Ação, Aventura, Comédia",122,https://www.imdb.com/title/tt12412888/,https://m.media-amazon.com/images/M/MV5BMjYyNmE2NDItOWQzOC00ZDY4LTg3M2ItMmY0ZTUyZWUzODdhXkEyXkFqcGdeQXVyMTA3MDk2NDg2._V1_.jpg,"When the manic Dr Robotnik returns to Earth with a new ally, Knuckles the Echidna, Sonic and his new friend Tails is all that stands in their way.",110000000,"James Marsden, Jim Carrey, Ben Schwartz, Tika Sumpter"
The Bob's Burgers Movie,2022,Inglês,"Loren Bouchard, Bernard Derriman","Animação, Aventura, Comédia",102,https://www.imdb.com/title/tt7466442/,https://m.media-amazon.com/images/M/MV5BNmIyYmZhZWItZTIxZS00OTRlLThhOTItNDM0ZWE2MzQyMmFkXkEyXkFqcGdeQXVyMjAwNzczNTU@._V1_.jpg,"The Belchers try to save the restaurant from closing as a sinkhole forms in front of it, while the kids try to solve a mystery that could save their family's restaurant.",,"H. Jon Benjamin, John Roberts, Dan Mintz, Eugene Mirman"
Once Upon a Time in... Hollywood,2019,Inglês,Quentin Tarantino,"Comédia, Drama",161,https://www.imdb.com/title/tt7131622/,https://m.media-amazon.com/images/M/MV5BZDEzNWFjMDMtMWQ2NS00OWZjLWI4YTctNmRlM2JkZGYxM2Q5XkEyXkFqcGdeQXVyMTAyOTE2ODg0._V1_.jpg,A faded television actor and his stunt double strive to achieve fame and success in the final years of Hollywood's Golden Age in 1969 Los Angeles.,90000000,"Leonardo DiCaprio, Brad Pitt, Margot Robbie, Emile Hirsch"
Nope,2022,Inglês,Jordan Peele,"Horror, Mistério, Ficção científica",130,https://www.imdb.com/title/tt10954984/,https://m.media-amazon.com/images/M/MV5BNzdiZmZjYTgtZjFhYi00YzEwLWE0YTYtZDYxMThlMjMzMjc0XkEyXkFqcGdeQXVyNzYyOTM1ODI@._V1_.jpg,The residents of a lonely gulch in inland California bear witness to an uncanny and chilling discovery.,68000000,"Daniel Kaluuya, Keke Palmer, Brandon Perea, Michael Wincott"
The Wizard of Oz,1939,Inglês,"Victor Fleming, George Cukor, Mervyn LeRoy","Aventura, Família, Fantasia",102,https://www.imdb.com/title/tt0032138/,https://m.media-amazon.com/images/M/MV5BMmVmODk3YWItNTg1Zi00OThhLThiZTEtN2RiNTAyNGUxNjE3XkEyXkFqcGdeQXVyMTAyOTE2ODg0._V1_.jpg,"Young Dorothy Gale and her dog are swept away by a tornado from their Kansas farm to the magical Land of Oz, and embark on a quest with three new friends to see the Wizard, who can return her to her home and fulfill the others' wishes.",2777000,"Judy Garland, Frank Morgan, Ray Bolger, Bert Lahr"
Citizen Kane,1941,Inglês,Orson Welles,"Drama, Mistério",119,https://www.imdb.com/title/tt0033467/,https://m.media-amazon.com/images/M/MV5BMjhjYzBiMzItZjgxNy00MGRmLTgyYjEtMDE1MjBiMDY4M2EwXkEyXkFqcGdeQXVyMTAyOTE2ODg0._V1_.jpg,"Following the death of publishing tycoon Charles Foster Kane, reporters scramble to uncover the meaning of his final utterance: 'Rosebud.'",839727,"Joseph Cotten, Dorothy Comingore, Agnes Moorehead, Ruth Warrick"
Metropolis,1927,Inglês,Fritz Lang,"Drama, Ficção científica",153,https://www.imdb.com/title/tt0017136/,https://m.media-amazon.com/images/M/MV5BMTg5YWIyMWUtZDY5My00Zjc1LTljOTctYmI0MWRmY2M2NmRkXkEyXkFqcGdeQXVyMTMxODk2OTU@._V1_.jpg,"In a futuristic city sharply divided between the working class and the city planners, the son of the city's mastermind falls in love with a working-class prophet who predicts the coming of a savior to mediate their differences.",6000000,"Alfred Abel, Gustav Fröhlich, Rudolf Klein-Rogge, Fritz Rasp"
Willy Wonka & the Chocolate Factory,1972,Inglês,Mel Stuart,"Família, Fantasia, Música",100,https://www.imdb.com/title/tt0067992/,https://m.media-amazon.com/images/M/MV5BMmJlZjFmYzItMjM5MS00Y2ExLTk3MjgtMzFiZWE2Zjg3ZmJjXkEyXkFqcGdeQXVyMTAyOTE2ODg0._V1_.jpg,A poor but hopeful boy seeks one of the five coveted golden tickets that will send him on a tour of Willy Wonka's mysterious chocolate factory.,3000000,"Gene Wilder, Jack Albertson, Peter Ostrum, Roy Kinnear"
Charlie and the Chocolate Factory,2005,Inglês,Tim Burton,"Aventura, Comédia, Família",115,https://www.imdb.com/title/tt0367594/,https://m.media-amazon.com/images/M/MV5BYjBkNDc4OTgtMDYzYS00NGNlLWFhODktODMzZTA3MjYzYWE1XkEyXkFqcGdeQXVyMTAyOTE2ODg0._V1_.jpg,"A young boy wins a tour through the most magnificent chocolate factory in the world, led by the world's most unusual candy maker.",150000000,"Johnny Depp, Freddie Highmore, David Kelly, Helena Bonham Carter"
Fast & Furious,2009,Inglês,Justin Lin,"Ação, Crime, Thriller",107,https://www.imdb.com/title/tt1013752/,https://m.media-amazon.com/images/M/MV5BMjE2YzM3NWMtM2ViYS00MTJlLTlmN2EtZWFlYTdkZDkyOGIwXkEyXkFqcGdeQXVyMTAyOTE2ODg0._V1_.jpg,"Brian O'Conner, back working for the FBI in Los Angeles, teams up with Dominic Toretto to bring down a heroin importer by infiltrating his operation.",85000000,"Vin Diesel, Paul Walker, Jordana Brewster, Michelle Rodriguez"
Fast Five,2011,Inglês,Justin Lin,"Ação, Crime, Thriller",130,https://www.imdb.com/title/tt1596343/,https://m.media-amazon.com/images/M/MV5BMTUxNTk5MTE0OF5BMl5BanBnXkFtZTcwMjA2NzY3NA@@._V1_.jpg,Dominic Toretto and his crew of street racers plan a massive heist to buy their freedom while in the sights of a powerful Brazilian drug lord and a dangerous federal agent.,125000000,"Vin Diesel, Paul Walker, Jordana Brewster, Tyrese Gibson"
Furious 6,2013,Inglês,Justin Lin,"Ação, Aventura, Crime",130,https://www.imdb.com/title/tt1905041/,https://m.media-amazon.com/images/M/MV5BMTM3NTg2NDQzOF5BMl5BanBnXkFtZTcwNjc2NzQzOQ@@._V1_.jpg,"Hobbs has Dominic and Brian reassemble their crew to take down a team of mercenaries: Dominic unexpectedly gets sidetracked with facing his presumed deceased girlfriend, Letty.",160000000,"Vin Diesel, Paul Walker, Dwayne Johnson, Jordana Brewster"
The Fast and the Furious: Tokyo Drift,2006,Inglês,Justin Lin,"Ação, Aventura, Crime",104,https://www.imdb.com/title/tt0463985/,https://m.media-amazon.com/images/M/MV5BMTQ2NTMxODEyNV5BMl5BanBnXkFtZTcwMDgxMjA0MQ@@._V1_.jpg,A teenager becomes a major competitor in the world of drift racing after moving in with his father in Tokyo to avoid a jail sentence in America.,85000000,"Lucas Black, Damien Marzette, Trula M. Marcus, Zachery Ty Bryan"
Fast & Furious 7,2015,Inglês,James Wan,"Ação, Crime, Thriller",137,https://www.imdb.com/title/tt2820852/,https://m.media-amazon.com/images/M/MV5BMTQxOTA2NDUzOV5BMl5BanBnXkFtZTgwNzY2MTMxMzE@._V1_.jpg,Deckard Shaw seeks revenge against Dominic Toretto and his family for his comatose brother.,190000000,"Vin Diesel, Paul Walker, Jason Statham, Michelle Rodriguez"
The Fate of the Furious,2017,Inglês,F. Gary Gray,"Ação, Crime, Thriller",136,https://www.imdb.com/title/tt4630562/,https://m.media-amazon.com/images/M/MV5BYmYzMWVhOWQtNWNkMC00NDMwLWExZGUtMTg3N2MyY2Y4ZmEwXkEyXkFqcGdeQXVyNjUwNzk3NDc@._V1_.jpg,"When a mysterious woman seduces Dominic Toretto into the world of terrorism and a betrayal of those closest to him, the crew face trials that will test them as never before.",250000000,"Vin Diesel, Jason Statham, Dwayne Johnson, Michelle Rodriguez"
Fast & Furious Presents: Hobbs & Shaw,2019,Inglês,David Leitch,"Ação, Aventura, Thriller",137,https://www.imdb.com/title/tt6806448/,https://m.media-amazon.com/images/M/MV5BNWRlYjEwNDQtZWJhMy00NDFiLWIxMDEtMjhjNWNlNGYzNzkzXkEyXkFqcGdeQXVyMTAzMDM4MjM0._V1_.jpg,"Lawman Luke Hobbs (Dwayne ""The Rock"" Johnson) and outcast Deckard Shaw (Jason Statham) form an unlikely alliance when a cyber-genetically enhanced villain threatens the future of humanity.",200000000,"Dwayne Johnson, Jason Statham, Idris Elba, Vanessa Kirby"
F9,2021,Inglês,Justin Lin,"Ação, Crime, Thriller",143,https://www.imdb.com/title/tt5433138/,https://m.media-amazon.com/images/M/MV5BNzkyNzY4MDEtZjIwNy00YTg4LWE2YTAtMGRkYzdjZDFkYzU1XkEyXkFqcGdeQXVyNzI1NzMxNzM@._V1_.jpg,Dom and the crew must take on an international terrorist who turns out to be Dom and Mia's estranged brother.,200000000,"Vin Diesel, Michelle Rodriguez, Jordana Brewster, Tyrese Gibson"
